<?xml version="1.0" encoding="UTF-8"?>
<!DOCTYPE mapper PUBLIC "-//mybatis.org//DTD Mapper 3.0//EN" "http://mybatis.org/dtd/mybatis-3-mapper.dtd">
<mapper namespace="com.project.apa.mapper.AuthMapper">
	<resultMap type="com.project.apa.auth.model.MemberDTO" id="memberMap">
		<id property="userid" column="userid"/>
		<result property="username" column="username"/>
		<result property="userssn" column="userssn"/>
		<result property="userseq" column="userseq"/>
		<result property="userpw" column="userpw"/>
		<result property="usertel" column="usertel"/>
		<result property="useraddress" column="useraddress"/>
		<result property="useremail" column="useremail"/>
		<result property="userrelation" column="userrelation"/>
		<result property="usercautioncount" column="usercautioncount"/>
		<result property="registerdate" column="registerdate"/>
		<result property="isuserunregister" column="isuserunregister"/>
		<collection property="authlist" resultMap="authMap"></collection>
	</resultMap>
	
	<resultMap type="com.project.apa.auth.model.AuthDTO" id="authMap">
		<result property="userid" column="userid"/>
		<result property="userauth" column="userauth"/>
	</resultMap>
	
	<select id="read" parameterType="String" resultMap="memberMap">
		select 
		    u.userseq, u.username, u.userssn, u.userid, u.userpw, u.usertel, u.useraddress,
		    u.useremail, u.userrelation, u.usercautioncount, u.registerdate, u.isuserunregister, a.userauth
		from tblUser u
		    left outer join tblUserAuth a
		        on u.userseq = a.userseq
		    where u.userid = #{userid}
	</select>
	
	<update id="encode" parameterType="com.project.apa.auth.model.MemberDTO">
		update tbluser set userpw = #{userpw} where userseq = #{userseq}
	</update>
	
	
</mapper>